OBJECTID,PARK_ID,FACILITYID,DIAMOND_TYPE,DIAMOND_TYPE_FR,FIELD_NAME,FIELD_NAME_FR,BACKSTOP,CENTREFIELD_LENGTH,RIGHTFIELD_LENGTH,WARNING_TRACK,OUTFIELD_FENCE,LINE_FENCE,FENCED_DUGOUT,SCOREBOARD,IRRIGATION,BLEACHERS,SAFETY_NETTING,PLAYERS_BENCHES,LIGHTS,BULL_PEN,MAINTENANCE_LEVEL,ACCESSIBLE,OPEN,MODIFIED_DATE,CREATED_DATE
1,812,3858,softball,balle molle,Ball Diamond,Terrain de balle,baseball,46,44,no/non,yes/oui,no/non,yes/oui,no/non,no/non,no/non,no/non,yes/oui,no/non,no/non,None,None,None,None,None
2,134,3810,softball,balle molle,#1 Softball,No 1 Balle molle,baseball,70,65,yes/oui,yes/oui,yes/oui,yes/oui,no/non,no/non,yes/oui,no/non,yes/oui,yes/oui,no/non,None,None,None,None,None
3,134,3809,baseball,baseball,#3 Baseball,No 3  Baseball,baseball,110,100,yes/oui,yes/oui,yes/oui,yes/oui,yes/oui,no/non,no/non,yes/oui,yes/oui,yes/oui,no/non,None,None,None,None,None
4,249,3808,softball,balle molle,Ball Diamond 01,Terrain de balle 01,baseball,65,65,no/non,no/non,no/non,no/non,no/non,no/non,no/non,no/non,yes/oui,no/non,no/non,None,None,None,None,None
5,51,33008,baseball,baseball,Ball Diamond 01 - Baseball,Terrain de balle 01 - Baseball,baseball,61,62,yes/oui,yes/oui,yes/oui,yes/oui,no/non,yes/oui,yes/oui,no/non,yes/oui,yes/oui,yes/oui,None,None,None,None,None
6,51,33009,baseball,baseball,Ball Diamond 02 - Baseball,Terrain de balle 02 - Baseball,baseball,62,62,yes/oui,yes/oui,yes/oui,yes/oui,no/non,yes/oui,no/non,no/non,yes/oui,yes/oui,yes/oui,None,None,None,None,None
7,220,33033,softball,balle molle,Ball Diamond - Softball East,Terrain de balle - Balle molle Est,baseball,70,65,no/non,no/non,yes/oui,yes/oui,no/non,no/non,no/non,no/non,yes/oui,no/non,no/non,None,None,None,None,None
8,220,33034,softball,balle molle,Ball Diamond - Softball West,Terrain de balle - Balle molle Ouest,baseball,60,55,no/non,no/non,yes/oui,yes/oui,no/non,no/non,no/non,no/non,yes/oui,no/non,no/non,None,None,None,None,None
9,101,33016,softball,balle molle,Ball Diamond - Softball,Terrain de balle - Balle molle,baseball,75,70,yes/oui,yes/oui,yes/oui,yes/oui,no/non,no/non,yes/oui,no/non,yes/oui,yes/oui,no/non,None,None,None,None,None
10,234,33038,softball,balle molle,Ball Diamond - Softball,Terrain de balle - Balle molle,baseball,75,70,no/non,no/non,no/non,yes/oui,no/non,no/non,yes/oui,no/non,yes/oui,no/non,no/non,None,None,None,None,None
11,231,33037,softball,balle molle,Ball Diamond - Softball (Minors Only),Terrain de balle - Balle molle (ligues mineures s*,baseball,68,65,no/non,no/non,no/non,yes/oui,no/non,no/non,no/non,no/non,yes/oui,yes/oui,no/non,None,None,None,None,None
12,569,33102,softball,balle molle,Ball Diamond - Softball South East,Terrain de balle - Balle molle Sud-Est,baseball,40,40,no/non,no/non,no/non,yes/oui,no/non,no/non,no/non,no/non,yes/oui,no/non,no/non,None,None,None,None,None
13,513,33089,softball,balle molle,Ball Diamond B - Softball Central,Terrain de balle B - Balle molle Centre,baseball,70,68,yes/oui,yes/oui,yes/oui,yes/oui,no/non,no/non,yes/oui,no/non,yes/oui,no/non,no/non,None,None,None,None,None
14,200,33028,softball,balle molle,Ball Diamond West,Terrain de balle Ouest,baseball,85,80,yes/oui,yes/oui,yes/oui,yes/oui,no/non,no/non,yes/oui,no/non,yes/oui,yes/oui,no/non,None,None,None,None,None
15,200,33029,softball,balle molle,Ball Diamond East,Terrain de balle Est,baseball,74,70,yes/oui,yes/oui,no/non,yes/oui,no/non,no/non,yes/oui,no/non,yes/oui,yes/oui,no/non,None,None,None,None,None
16,402,33072,softball,balle molle,Ball Diamond,Terrain de balle,standard,70,67,no/non,yes/oui,no/non,yes/oui,no/non,no/non,yes/oui,yes/oui,yes/oui,yes/oui,no/non,None,None,None,None,None
17,806,4074,softball,balle molle,Ball Diamond 01,Terrain de balle 01,baseball,113,95,yes/oui,yes/oui,yes/oui,yes/oui,yes/oui,no/non,yes/oui,no/non,yes/oui,yes/oui,no/non,None,None,None,None,None
18,160,3742,softball,balle molle,Ball Diamond,Terrain de balle,baseball,91,90,no/non,no/non,no/non,yes/oui,no/non,no/non,no/non,no/non,yes/oui,yes/oui,no/non,None,None,None,None,None
19,631,33111,baseball,baseball,Southgate Baseball Diamond,Terrain de baseball Southgate,baseball,102,99,yes/oui,yes/oui,yes/oui,yes/oui,no/non,no/non,yes/oui,yes/oui,yes/oui,yes/oui,yes/oui,None,None,None,None,None
20,808,3893,softball,balle molle,Ball Diamond 02,Terrain de balle 02,baseball,63,60,no/non,no/non,no/non,yes/oui,no/non,no/non,no/non,no/non,yes/oui,no/non,no/non,None,None,None,None,None
21,808,3871,softball,balle molle,Ball Diamond 01,Terrain de balle 01,baseball,58,57,no/non,no/non,no/non,yes/oui,no/non,no/non,no/non,no/non,yes/oui,no/non,no/non,None,None,None,None,None
22,37,3814,softball,balle molle,Ball Diamond 01 - South,Terrain de balle 01 - Sud,baseball,57,55,no/non,no/non,no/non,yes/oui,no/non,no/non,yes/oui,no/non,yes/oui,no/non,yes/oui,None,None,None,None,None
23,37,3897,softball,balle molle,Ball Diamond 02 - North,Terrain de balle 02 - Nord,standard,70,65,no/non,no/non,no/non,yes/oui,no/non,no/non,yes/oui,no/non,yes/oui,no/non,no/non,None,None,None,None,None
24,1021,4040,softball,balle molle,Ball Diamond,Terrain de balle,baseball,66,64,no/non,no/non,no/non,yes/oui,no/non,no/non,no/non,no/non,yes/oui,no/non,no/non,None,None,None,None,None
25,831,3869,softball,balle molle,Ball Diamond,Terrain de balle,baseball,60,60,no/non,no/non,no/non,yes/oui,no/non,no/non,no/non,no/non,yes/oui,no/non,no/non,None,None,None,None,None
26,1146,3827,softball,balle molle,Ball Diamond (T-Ball),Terrain de balle (Tee ball),baseball,55,55,no/non,no/non,no/non,yes/oui,no/non,no/non,no/non,no/non,yes/oui,no/non,no/non,None,None,None,2015-08-26 14:31:42,None
27,968,3874,softball,balle molle,Ball Diamond,Terrain de balle,standard,60,52,no/non,no/non,no/non,yes/oui,no/non,no/non,yes/oui,no/non,yes/oui,no/non,no/non,None,None,None,None,None
28,444,33078,softball,balle molle,Ball Diamond - Softball,Terrain de balle - Balle molle,baseball,75,70,no/non,no/non,no/non,yes/oui,no/non,no/non,no/non,no/non,yes/oui,no/non,no/non,None,None,None,None,None
29,597,33105,softball,balle molle,Ball Diamond - Softball,Terrain de balle - Balle molle,other,64,62,no/non,no/non,no/non,yes/oui,no/non,no/non,no/non,no/non,yes/oui,no/non,no/non,None,None,None,None,None
30,960,33153,softball,balle molle,Ball Diamond (Minors),Terrain de balle (ligues mineures),baseball,67,64,no/non,yes/oui,yes/oui,yes/oui,no/non,no/non,yes/oui,no/non,yes/oui,yes/oui,no/non,None,None,None,None,None
31,943,33151,T-Ball,tee ball,T-Ball,Terrain de tee ball,baseball,25,30,no/non,no/non,no/non,no/non,no/non,no/non,yes/oui,no/non,no/non,no/non,no/non,None,None,None,None,None
32,943,33152,softball,balle molle,Ball Diamond,Terrain de balle,baseball,75,74,yes/oui,yes/oui,yes/oui,yes/oui,yes/oui,no/non,yes/oui,yes/oui,yes/oui,yes/oui,no/non,None,None,None,None,None
33,182,3812,softball,balle molle,Ball Diamond 02,Terrain de balle 02,baseball,90,90,no/non,yes/oui,yes/oui,yes/oui,no/non,yes/oui,yes/oui,yes/oui,yes/oui,yes/oui,no/non,None,None,None,None,None
34,182,33026,baseball,baseball,Ball Diamond 01 - Minor Baseball,Terrain de balle 01 - Ligue mineure de baseball,baseball,60,60,yes/oui,yes/oui,yes/oui,yes/oui,no/non,yes/oui,yes/oui,no/non,yes/oui,no/non,yes/oui,None,None,None,None,None
35,22,3830,softball,balle molle,Ball Diamond 01 - North,Terrain de balle 01 - Nord,baseball,60,56,no/non,no/non,yes/oui,yes/oui,no/non,no/non,yes/oui,no/non,yes/oui,no/non,no/non,None,None,None,None,None
36,22,3831,softball,balle molle,Ball Diamond 02 - South,Terrain de balle 02 - Sud,baseball,65,65,no/non,no/non,yes/oui,yes/oui,no/non,no/non,yes/oui,no/non,yes/oui,no/non,no/non,None,None,None,None,None
37,582,33103,softball,balle molle,Ball Diamond,Terrain de balle,baseball,75,70,no/non,no/non,no/non,no/non,no/non,no/non,no/non,no/non,yes/oui,no/non,no/non,None,None,None,None,None
38,783,33132,baseball,baseball,Ball Diamond - Baseball,Terrain de balle - Baseball,baseball,109,100,yes/oui,yes/oui,yes/oui,yes/oui,yes/oui,yes/oui,yes/oui,no/non,yes/oui,yes/oui,yes/oui,None,None,None,None,None
39,842,33136,softball,balle molle,Ball Diamond,Terrain de balle,baseball,75,72,yes/oui,yes/oui,no/non,yes/oui,no/non,no/non,yes/oui,no/non,yes/oui,yes/oui,no/non,None,None,None,None,None
40,420,33075,baseball,baseball,Ball Diamond - Baseball,Terrain de balle - Baseball,baseball,70,65,yes/oui,yes/oui,yes/oui,yes/oui,no/non,no/non,yes/oui,no/non,yes/oui,no/non,no/non,None,None,None,None,None
41,974,3883,softball,balle molle,Ball Diamond,Terrain de balle,baseball,100,80,no/non,no/non,no/non,yes/oui,no/non,no/non,yes/oui,no/non,yes/oui,no/non,no/non,None,None,None,None,None
42,235,33039,softball,balle molle,Ball Diamond,Terrain de balle,baseball,75,60,no/non,no/non,no/non,yes/oui,no/non,no/non,no/non,no/non,no/non,no/non,no/non,None,None,None,None,None
43,542,33098,softball,balle molle,Ball Diamond,Terrain de balle,baseball,60,50,no/non,no/non,no/non,yes/oui,no/non,no/non,no/non,no/non,yes/oui,no/non,no/non,None,None,None,None,None
44,137,33021,softball,balle molle,#1 - North (Clay Wheaton Softball Diamond),No 1 - Nord (terrain de balle molle Clay-Wheaton),baseball,77,72,yes/oui,yes/oui,yes/oui,yes/oui,no/non,no/non,yes/oui,no/non,yes/oui,yes/oui,no/non,None,None,None,None,None
45,204,33031,softball,balle molle,East Diamond,Terrain de balle Est,baseball,80,70,no/non,no/non,no/non,yes/oui,no/non,no/non,yes/oui,no/non,yes/oui,no/non,no/non,None,None,None,None,None
46,507,33087,softball,balle molle,Ball Diamond,Terrain de balle,baseball,90,70,no/non,no/non,no/non,no/non,no/non,no/non,yes/oui,no/non,yes/oui,no/non,no/non,None,None,None,None,None
47,1302,33201,softball,balle molle,Ball Diamond,Terrain de balle,baseball,75,65,no/non,yes/oui,yes/oui,yes/oui,no/non,no/non,no/non,no/non,yes/oui,no/non,no/non,None,None,None,None,None
48,418,33073,softball,balle molle,Ball Diamond,Terrain de balle,baseball,75,70,no/non,no/non,no/non,yes/oui,no/non,no/non,no/non,no/non,no/non,no/non,no/non,None,None,None,None,None
49,675,33114,softball,balle molle,Ball Diamond,Terrain de balle,standard,60,50,no/non,no/non,no/non,yes/oui,no/non,no/non,yes/oui,no/non,yes/oui,no/non,no/non,None,None,None,None,None
50,592,3847,softball,balle molle,Ball Diamond,Terrain de balle,baseball,55,40,no/non,no/non,no/non,yes/oui,no/non,no/non,no/non,yes/oui,yes/oui,no/non,no/non,None,None,None,None,None
51,334,3832,softball,balle molle,Ball Diamond 02 - Softball,Terrain de balle 02 - Balle molle,baseball,60,50,no/non,no/non,no/non,yes/oui,no/non,no/non,yes/oui,no/non,yes/oui,yes/oui,no/non,None,None,None,None,None
52,1133,33177,softball,balle molle,Ball Diamond 01 - South,Terrain de balle 01 - Sud,baseball,68,63,no/non,yes/oui,yes/oui,yes/oui,no/non,no/non,yes/oui,no/non,yes/oui,yes/oui,no/non,None,None,None,None,None
53,1334,33211,softball,balle molle,Ball Diamond,Terrain de balle,standard,73,52,no/non,yes/oui,yes/oui,yes/oui,no/non,no/non,yes/oui,no/non,yes/oui,no/non,no/non,None,None,None,None,None
54,1102,33173,softball,balle molle,Ball Diamond,Terrain de balle,standard,70,70,no/non,yes/oui,yes/oui,yes/oui,no/non,no/non,yes/oui,no/non,yes/oui,yes/oui,no/non,None,None,None,2016-07-26 09:33:48,None
55,903,33144,softball,balle molle,Ball Diamond,Terrain de balle,baseball,61,67,no/non,yes/oui,yes/oui,yes/oui,no/non,no/non,yes/oui,no/non,yes/oui,yes/oui,no/non,None,None,None,None,None
56,541,33096,softball,balle molle,Ball Diamond,Terrain de balle,standard,71,68,yes/oui,yes/oui,yes/oui,yes/oui,no/non,no/non,yes/oui,no/non,yes/oui,yes/oui,yes/oui,None,None,None,None,None
57,541,33097,softball,balle molle,Ball Diamond,Terrain de balle,baseball,71,71,no/non,yes/oui,yes/oui,yes/oui,no/non,no/non,yes/oui,no/non,yes/oui,yes/oui,no/non,None,None,None,None,None
58,506,33085,softball,balle molle,Ball Diamond 02,Terrain de balle 02,baseball,69,68,no/non,yes/oui,yes/oui,yes/oui,no/non,no/non,yes/oui,yes/oui,yes/oui,yes/oui,no/non,None,None,None,2016-09-27 14:45:03.000001,None
59,752,33126,softball,balle molle,Ball Diamond,Terrain de balle,standard,60,55,no/non,no/non,no/non,yes/oui,no/non,no/non,yes/oui,no/non,yes/oui,no/non,no/non,None,None,None,None,None
60,691,33115,softball,balle molle,Ball Diamond,Terrain de balle,baseball,50,45,no/non,no/non,no/non,yes/oui,no/non,no/non,no/non,no/non,yes/oui,no/non,no/non,None,None,None,None,None
61,929,33150,softball,balle molle,Ball Diamond,Terrain de balle,baseball,70,75,no/non,no/non,no/non,yes/oui,no/non,no/non,no/non,no/non,yes/oui,no/non,no/non,None,None,None,None,None
62,1056,3861,softball,balle molle,Ball Diamond,Terrain de balle,baseball,70,65,no/non,no/non,no/non,no/non,no/non,no/non,no/non,no/non,yes/oui,no/non,no/non,None,None,None,None,None
63,132,4004,softball,balle molle,Ball Diamond 02,Terrain de balle 02,baseball,75,70,no/non,no/non,no/non,no/non,no/non,no/non,no/non,no/non,no/non,no/non,no/non,None,None,None,None,None
64,653,33112,softball,balle molle,Ball Diamond 02,Terrain de balle 02,baseball,70,65,no/non,yes/oui,yes/oui,yes/oui,no/non,no/non,yes/oui,no/non,yes/oui,yes/oui,no/non,None,None,None,None,None
65,533,33095,T-Ball,tee ball,T-Ball,Terrain de tee ball,standard,60,55,no/non,no/non,no/non,no/non,no/non,no/non,no/non,no/non,yes/oui,no/non,no/non,None,None,None,2016-07-26 09:35:11,None
66,589,33104,softball,balle molle,Ball Diamond,Terrain de balle,baseball,75,70,no/non,yes/oui,yes/oui,yes/oui,no/non,no/non,yes/oui,no/non,yes/oui,yes/oui,no/non,None,None,None,None,None
67,339,33055,softball,balle molle,Ball Diamond 01,Terrain de balle 01,baseball,75,70,no/non,yes/oui,yes/oui,yes/oui,no/non,no/non,yes/oui,no/non,yes/oui,yes/oui,no/non,None,None,None,None,None
68,1213,33199,softball,balle molle,Ball Diamond 02,Terrain de balle 02,baseball,75,70,no/non,yes/oui,yes/oui,yes/oui,no/non,no/non,yes/oui,no/non,no/non,no/non,no/non,None,None,None,None,None
69,364,33063,softball,balle molle,Ball Diamond,Terrain de balle,baseball,70,65,no/non,no/non,no/non,yes/oui,no/non,no/non,yes/oui,no/non,yes/oui,no/non,no/non,None,None,None,None,None
70,60,33011,softball,balle molle,RItche Ball Diamond,Terrain de balle Ritche,standard,75,70,no/non,yes/oui,yes/oui,yes/oui,no/non,no/non,no/non,no/non,no/non,no/non,no/non,None,None,None,None,None
71,60,33012,softball,balle molle,Crawford Ball Diamond,Terrain de balle Crawford,baseball,65,60,no/non,yes/oui,yes/oui,yes/oui,no/non,no/non,yes/oui,no/non,yes/oui,yes/oui,no/non,None,None,None,None,None
72,484,33082,softball,balle molle,Ball Diamond,Terrain de balle,baseball,60,55,no/non,no/non,no/non,no/non,no/non,no/non,yes/oui,no/non,no/non,no/non,no/non,None,None,None,None,None
73,916,33145,softball,balle molle,Ball Diamond - Softball,Terrain de balle - Balle molle,baseball,85,80,no/non,no/non,no/non,yes/oui,no/non,no/non,yes/oui,no/non,yes/oui,no/non,no/non,None,None,None,None,None
74,1174,33190,softball,balle molle,Ball Diamond,Terrain de balle,baseball,75,70,no/non,no/non,no/non,yes/oui,no/non,no/non,no/non,no/non,yes/oui,no/non,no/non,None,None,None,None,None
75,732,33121,softball,balle molle,Ball Diamond,Terrain de balle,baseball,75,70,no/non,no/non,no/non,yes/oui,no/non,no/non,no/non,no/non,yes/oui,no/non,no/non,None,None,None,None,None
76,389,33069,baseball,baseball,Carl Faulkner Ball Diamond,Terrain de balle Carl-Faulkner,baseball,85,80,no/non,yes/oui,yes/oui,yes/oui,yes/oui,no/non,yes/oui,yes/oui,yes/oui,yes/oui,no/non,None,None,None,None,None
77,1531,33232,softball,balle molle,Ball Diamond,Terrain de balle,standard,40,40,no/non,no/non,no/non,no/non,no/non,no/non,no/non,no/non,yes/oui,no/non,no/non,None,None,None,2016-07-26 09:23:13,None
78,459,3834,softball,balle molle,Ball Diamond,Terrain de balle,baseball,50,65,no/non,no/non,no/non,yes/oui,no/non,no/non,no/non,no/non,yes/oui,no/non,no/non,None,None,None,None,None
79,613,4007,softball,balle molle,Ball Diamond - Softball,Terrain de balle - Balle molle,baseball,75,70,no/non,no/non,no/non,yes/oui,no/non,no/non,no/non,no/non,yes/oui,no/non,no/non,None,None,None,None,None
80,273,33043,softball,balle molle,Ball Diamond,Terrain de balle,baseball,82,82,no/non,yes/oui,yes/oui,yes/oui,yes/oui,no/non,yes/oui,no/non,yes/oui,yes/oui,no/non,None,None,None,None,None
81,495,4062,T-Ball,tee ball,Brian Kearns Ball Diamond 02 - T-Ball,Terrain de balle 02 Brian-Kearns - Tee ball,baseball,50,40,no/non,no/non,no/non,no/non,no/non,no/non,no/non,no/non,no/non,no/non,no/non,None,None,None,None,None
82,161,3819,softball,balle molle,Ball Diamond,Terrain de balle,baseball,75,70,no/non,yes/oui,yes/oui,yes/oui,no/non,no/non,no/non,no/non,yes/oui,no/non,no/non,None,None,None,None,None
83,797,33229,softball,balle molle,Hanlon Baseball Diamond,Terrain de baseball Hanlon,standard,83,76,yes/oui,yes/oui,yes/oui,yes/oui,no/non,no/non,yes/oui,no/non,yes/oui,no/non,no/non,None,None,None,2016-07-26 09:26:17.000001,None
84,989,33159,softball,balle molle,Ball Diamond,Terrain de balle,baseball,75,70,yes/oui,yes/oui,yes/oui,yes/oui,no/non,yes/oui,no/non,no/non,no/non,no/non,no/non,None,None,None,None,None
85,628,33110,baseball,baseball,Baseball East - Eagles Nest 2,Terrain de balle Est - Eagles Nest 2,baseball,65,60,yes/oui,yes/oui,yes/oui,yes/oui,yes/oui,yes/oui,yes/oui,no/non,yes/oui,no/non,yes/oui,None,None,None,2015-04-16 10:00:07,None
86,49,33007,baseball,baseball,Ball Diamond - Baseball West,Terrain de balle - Baseball Ouest,baseball,80,70,no/non,yes/oui,yes/oui,yes/oui,yes/oui,yes/oui,yes/oui,no/non,yes/oui,no/non,no/non,None,None,None,None,None
87,403,36000,softball,balle molle,Ball Diamond,Terrain de balle,baseball,73,73,no/non,no/non,no/non,yes/oui,no/non,no/non,no/non,no/non,yes/oui,no/non,no/non,None,None,None,None,None
88,628,33109,baseball,baseball,Baseball West - Eagles Nest 1,Terrain de balle Ouest - Eagles Nest 1,baseball,65,60,yes/oui,yes/oui,yes/oui,yes/oui,yes/oui,yes/oui,yes/oui,no/non,yes/oui,no/non,yes/oui,None,None,None,2015-04-16 09:59:37,None
89,343,33060,T-Ball,tee ball,T-Ball,Terrain de tee ball,other,72,69,no/non,no/non,no/non,no/non,no/non,no/non,no/non,no/non,no/non,no/non,no/non,None,None,None,None,None
90,460,33081,softball,balle molle,Ball Diamond,Terrain de balle,baseball,74,67,no/non,yes/oui,no/non,yes/oui,no/non,no/non,yes/oui,no/non,yes/oui,no/non,no/non,None,None,None,None,None
91,1309,33202,softball,balle molle,Ball Diamond,Terrain de balle,baseball,72,68,no/non,no/non,no/non,yes/oui,no/non,no/non,yes/oui,no/non,yes/oui,no/non,no/non,None,None,None,None,None
92,1324,33204,T-Ball,tee ball,Ball Diamond,Terrain de balle,other,34,30,no/non,no/non,no/non,no/non,no/non,no/non,yes/oui,no/non,no/non,no/non,no/non,None,None,None,None,None
93,1157,33181,baseball,baseball,West Baseball Diamond,Terrain de balle Ouest,baseball,115,97,yes/oui,yes/oui,yes/oui,yes/oui,no/non,no/non,yes/oui,yes/oui,yes/oui,yes/oui,no/non,None,None,None,None,None
94,1157,33184,softball,balle molle,Mike Channing Softball Diamond,Terrain de balle molle Mike-Channing,baseball,75,63,yes/oui,no/non,no/non,yes/oui,no/non,no/non,yes/oui,no/non,yes/oui,no/non,no/non,None,None,None,None,None
95,1524,33212,softball,balle molle,Ball Diamond,Terrain de balle,baseball,75,65,no/non,no/non,no/non,yes/oui,no/non,no/non,no/non,no/non,yes/oui,no/non,no/non,None,None,None,None,None
96,126,33019,softball,balle molle,Ball Diamond,Terrain de balle,baseball,60,55,no/non,no/non,no/non,yes/oui,no/non,no/non,yes/oui,no/non,yes/oui,yes/oui,no/non,None,None,None,None,None
97,206,8259,softball,balle molle,Frank MacDonald Fastball Diamond,Terrain de balle rapide Frank-MacDonald,baseball,98,88,no/non,yes/oui,yes/oui,yes/oui,no/non,no/non,yes/oui,no/non,yes/oui,no/non,yes/oui,None,None,None,2016-07-26 09:27:32,None
98,881,3880,softball,balle molle,Ball Diamond,Terrain de balle,baseball,84,74,no/non,yes/oui,no/non,no/non,no/non,no/non,no/non,no/non,yes/oui,no/non,no/non,None,None,None,None,None
99,1053,33166,softball,balle molle,Ball Diamond,Terrain de balle,standard,69,67,yes/oui,yes/oui,yes/oui,yes/oui,no/non,no/non,yes/oui,yes/oui,yes/oui,yes/oui,yes/oui,None,None,None,None,None
100,1157,33185,softball,balle molle,West Softball Diamond,Terrain de balle molle Ouest,baseball,75,64,yes/oui,no/non,no/non,yes/oui,no/non,no/non,yes/oui,no/non,yes/oui,no/non,no/non,None,None,None,None,None
101,357,33062,softball,balle molle,Ball Diamond (Youth),Terrain de balle (Jeunes),baseball,70,62,no/non,yes/oui,yes/oui,yes/oui,no/non,no/non,yes/oui,no/non,yes/oui,no/non,no/non,None,None,None,None,None
102,971,3838,softball,balle molle,Ball Diamond,Terrain de balle,baseball,52,50,no/non,no/non,no/non,yes/oui,no/non,no/non,no/non,no/non,yes/oui,no/non,no/non,None,None,None,None,None
103,365,33065,T-Ball,tee ball,Ball Diamond 02,Terrain de balle 02,baseball,35,30,no/non,no/non,no/non,no/non,no/non,no/non,yes/oui,no/non,no/non,no/non,no/non,None,None,None,None,None
104,22,33002,T-Ball,tee ball,Ball Diamond 03 - T-Ball,Terrain de balle 03 - Tee ball,baseball,20,20,no/non,no/non,no/non,no/non,no/non,no/non,no/non,no/non,yes/oui,no/non,no/non,None,None,None,2016-07-26 09:28:23,None
105,569,33101,softball,balle molle,Ball Diamond - Softball South West,Terrain de balle - Balle molle Sud-Ouest,baseball,65,60,no/non,no/non,no/non,yes/oui,no/non,no/non,no/non,no/non,yes/oui,no/non,no/non,None,None,None,None,None
106,420,33074,T-Ball,tee ball,Ball Diamond - T-Ball,Terrain de balle - Tee ball,other,30,30,no/non,no/non,no/non,no/non,no/non,no/non,no/non,no/non,no/non,no/non,no/non,None,None,None,2016-07-26 09:28:47,None
107,446,33079,softball,balle molle,Ball Diamond,Terrain de balle,baseball,70,64,no/non,no/non,yes/oui,yes/oui,no/non,no/non,yes/oui,no/non,yes/oui,no/non,no/non,None,None,None,None,None
108,164,33025,softball,balle molle,Ball Diamond,Terrain de balle,baseball,67,60,yes/oui,yes/oui,yes/oui,yes/oui,yes/oui,no/non,yes/oui,no/non,yes/oui,yes/oui,no/non,None,None,None,None,None
109,877,33141,softball,balle molle,Ball Diamond,Terrain de balle,baseball,55,46,no/non,no/non,no/non,yes/oui,no/non,no/non,yes/oui,no/non,yes/oui,no/non,no/non,None,None,None,2016-07-26 09:29:27,None
110,558,33099,softball,balle molle,Ball Diamond,Terrain de balle,standard,75,66,no/non,yes/oui,yes/oui,yes/oui,no/non,no/non,yes/oui,yes/oui,yes/oui,yes/oui,no/non,None,None,None,None,None
111,339,33054,softball,balle molle,Ball Diamond 02,Terrain de balle 02,baseball,75,70,no/non,yes/oui,yes/oui,yes/oui,no/non,yes/oui,yes/oui,no/non,yes/oui,yes/oui,no/non,None,None,None,None,None
112,345,3888,softball,balle molle,Ball Diamond 02,Terrain de balle 02,baseball,75,75,yes/oui,yes/oui,no/non,yes/oui,no/non,no/non,yes/oui,no/non,yes/oui,yes/oui,no/non,None,None,None,None,None
113,330,33051,softball,balle molle,Ball Diamond,Terrain de balle,baseball,75,70,no/non,yes/oui,yes/oui,yes/oui,yes/oui,no/non,yes/oui,no/non,yes/oui,yes/oui,no/non,None,None,None,None,None
114,330,33052,softball,balle molle,Ball Diamond,Terrain de balle,baseball,75,70,no/non,yes/oui,yes/oui,yes/oui,yes/oui,no/non,yes/oui,no/non,yes/oui,yes/oui,no/non,None,None,None,None,None
115,693,33118,softball,balle molle,Ball Diamond 03 (Minors),Terrain de balle 03 (ligues mineures),baseball,80,73,no/non,yes/oui,yes/oui,yes/oui,no/non,no/non,yes/oui,no/non,yes/oui,yes/oui,no/non,None,None,None,2016-07-26 09:31:45,None
116,525,33093,baseball,baseball,Ball Diamond - Baseball,Terrain de balle - Baseball,baseball,100,92,yes/oui,yes/oui,yes/oui,yes/oui,no/non,no/non,yes/oui,no/non,yes/oui,yes/oui,no/non,None,None,None,None,None
117,271,33042,softball,balle molle,Ball Diamond,Terrain de balle,baseball,65,60,no/non,no/non,no/non,no/non,no/non,no/non,no/non,no/non,no/non,no/non,no/non,None,None,None,None,None
118,1001,33162,softball,balle molle,Ball Diamond,Terrain de balle,baseball,75,70,no/non,no/non,no/non,yes/oui,no/non,no/non,no/non,no/non,no/non,no/non,no/non,None,None,None,None,None
119,496,33083,softball,balle molle,Ball Diamond,Terrain de balle,baseball,70,65,yes/oui,yes/oui,no/non,yes/oui,no/non,no/non,yes/oui,no/non,yes/oui,no/non,no/non,None,None,None,None,None
120,514,33091,softball,balle molle,Ball Diamond,Terrain de balle,baseball,65,60,no/non,no/non,no/non,yes/oui,no/non,no/non,yes/oui,no/non,yes/oui,no/non,no/non,None,None,None,None,None
121,430,33077,softball,balle molle,Ball Diamond,Terrain de balle,baseball,70,65,yes/oui,yes/oui,yes/oui,yes/oui,no/non,no/non,yes/oui,no/non,yes/oui,yes/oui,no/non,None,None,None,None,None
122,513,33088,softball,balle molle,Ball Diamond C - Softball South,Terrain de balle C - Balle molle Sud,baseball,74,70,no/non,no/non,no/non,yes/oui,no/non,no/non,yes/oui,yes/oui,yes/oui,no/non,no/non,None,None,None,None,None
123,1109,4050,softball,balle molle,Ball Diamond 02 - Softball,Terrain de balle 02 - Balle molle,baseball,65,60,no/non,no/non,yes/oui,yes/oui,no/non,no/non,no/non,no/non,yes/oui,no/non,no/non,None,None,None,None,None
124,1109,33174,T-Ball,tee ball,Ball Diamond 01 - T-Ball,Terrain de balle 01 - Tee ball,other,45,40,no/non,no/non,no/non,no/non,no/non,no/non,no/non,no/non,no/non,no/non,no/non,None,None,None,2016-07-26 09:37:08.000001,None
125,255,3816,softball,balle molle,Ball Diamond 03,Terrain de balle 03,baseball,80,75,yes/oui,yes/oui,yes/oui,yes/oui,yes/oui,no/non,yes/oui,yes/oui,yes/oui,yes/oui,no/non,None,None,None,None,None
126,255,4065,softball,balle molle,Ball Diamond 04,Terrain de balle 04,baseball,65,60,no/non,no/non,no/non,yes/oui,no/non,no/non,no/non,no/non,yes/oui,no/non,no/non,None,None,None,None,None
127,31,3815,softball,balle molle,Ball Diamond,Terrain de balle,baseball,55,50,no/non,no/non,no/non,yes/oui,no/non,no/non,no/non,no/non,yes/oui,no/non,no/non,None,None,None,None,None
128,65,33013,softball,balle molle,Ball Diamond,Terrain de balle,baseball,65,60,no/non,yes/oui,yes/oui,yes/oui,no/non,no/non,yes/oui,no/non,yes/oui,no/non,no/non,None,None,None,None,None
129,889,33142,T-Ball,tee ball,T-Ball Diamond,Terrain de tee ball,standard,30,30,no/non,no/non,no/non,no/non,no/non,no/non,no/non,no/non,no/non,no/non,no/non,None,None,None,2016-07-26 09:37:24.000001,None
130,152,33023,T-Ball,tee ball,T-Ball,Terrain de tee ball,standard,20,20,no/non,no/non,no/non,no/non,no/non,no/non,no/non,no/non,no/non,no/non,no/non,None,None,None,None,None
131,1171,33189,softball,balle molle,Ball Diamond,Terrain de balle,baseball,25,25,no/non,no/non,yes/oui,no/non,no/non,no/non,no/non,no/non,yes/oui,yes/oui,no/non,None,None,None,None,None
132,1171,8438,softball,balle molle,Ball Diamond,Terrain de balle,baseball,70,68,no/non,yes/oui,yes/oui,no/non,no/non,no/non,yes/oui,no/non,yes/oui,yes/oui,no/non,None,None,None,None,None
133,826,33135,softball,balle molle,Ball Diamond,Terrain de balle,standard,20,20,no/non,no/non,no/non,no/non,no/non,no/non,no/non,no/non,no/non,no/non,no/non,None,None,None,None,None
134,1160,33187,baseball,baseball,Ball Diamond 02 - Baseball,Terrain de balle 02 - Baseball,baseball,75,75,no/non,yes/oui,yes/oui,no/non,no/non,no/non,yes/oui,no/non,yes/oui,no/non,no/non,None,None,None,None,None
135,1087,33171,softball,balle molle,Ball Diamond,Terrain de balle,baseball,75,75,no/non,no/non,yes/oui,no/non,no/non,no/non,no/non,no/non,yes/oui,no/non,no/non,None,None,None,2016-07-26 09:38:27,None
136,621,3887,softball,balle molle,Ball Diamond,Terrain de balle,baseball,55,40,no/non,no/non,no/non,yes/oui,no/non,no/non,no/non,no/non,yes/oui,no/non,no/non,None,None,None,None,None
137,1090,3836,softball,balle molle,Ball Diamond,Terrain de balle,other,64,60,no/non,no/non,no/non,yes/oui,no/non,no/non,no/non,no/non,yes/oui,no/non,no/non,None,None,None,None,None
138,553,4058,softball,balle molle,Bill and Marion Atwell Baseball Diamond - West,terrain de baseball Bill et Marion Atwell - Ouest,baseball,58,60,no/non,yes/oui,yes/oui,yes/oui,yes/oui,no/non,yes/oui,no/non,yes/oui,no/non,no/non,None,None,None,2016-06-24 15:26:21,None
139,506,33086,softball,balle molle,Ball Diamond 01,Terrain de balle 01,baseball,69,68,no/non,yes/oui,yes/oui,yes/oui,no/non,no/non,yes/oui,no/non,yes/oui,yes/oui,no/non,None,None,None,2016-09-27 14:44:52,None
140,1058,3879,softball,balle molle,Ball Diamond,Terrain de balle,baseball,65,60,no/non,no/non,no/non,yes/oui,no/non,no/non,yes/oui,no/non,yes/oui,no/non,no/non,None,None,None,None,None
141,543,3841,softball,balle molle,Ball Diamond,Terrain de balle,baseball,65,60,no/non,no/non,no/non,yes/oui,no/non,no/non,no/non,no/non,yes/oui,no/non,no/non,None,None,None,None,None
142,1190,33192,softball,balle molle,Ball Diamond - Softball,Terrain de balle - Balle molle,baseball,55,50,no/non,no/non,no/non,yes/oui,no/non,no/non,no/non,no/non,yes/oui,no/non,no/non,None,None,None,None,None
143,921,33147,softball,balle molle,Aurèle G. Morin Baseball Diamond #2,Terrain de balle no 2 Aurèle-G.-Morin,standard,70,67,no/non,yes/oui,yes/oui,yes/oui,no/non,no/non,yes/oui,yes/oui,yes/oui,yes/oui,no/non,None,None,None,None,None
144,134,3811,softball,balle molle,#2 Softball,No 2 Balle molle,baseball,68,65,yes/oui,yes/oui,yes/oui,yes/oui,no/non,yes/oui,yes/oui,yes/oui,yes/oui,yes/oui,no/non,None,None,None,None,None
145,339,33053,baseball,baseball,Ball Diamond 03 - Baseball ,Terrain de balle 03 - Baseball,baseball,97,82,yes/oui,yes/oui,yes/oui,yes/oui,no/non,no/non,yes/oui,yes/oui,yes/oui,yes/oui,yes/oui,None,None,None,None,None
146,325,33049,softball,balle molle,Ball Diamond,Terrain de balle,baseball,84,78,yes/oui,no/non,no/non,yes/oui,no/non,no/non,yes/oui,no/non,yes/oui,no/non,no/non,None,None,None,None,None
147,158,33024,softball,balle molle,Ball Diamond,Terrain de balle,other,40,30,no/non,no/non,no/non,no/non,no/non,no/non,no/non,no/non,no/non,no/non,no/non,None,None,None,2016-07-26 09:24:15,None
148,693,33117,softball,balle molle,Ball Diamond 01,Terrain de balle 01,baseball,80,70,no/non,yes/oui,yes/oui,yes/oui,no/non,no/non,yes/oui,no/non,yes/oui,yes/oui,no/non,None,None,None,None,None
149,569,33100,softball,balle molle,Ball Diamond - Softball North,Terrain de balle - Balle molle Nord,baseball,65,60,no/non,no/non,no/non,yes/oui,no/non,no/non,no/non,no/non,yes/oui,no/non,no/non,None,None,None,None,None
150,137,33020,softball,balle molle,#2 - South,No 2 - Sud,baseball,78,75,yes/oui,yes/oui,yes/oui,yes/oui,no/non,no/non,yes/oui,no/non,yes/oui,yes/oui,yes/oui,None,None,None,2016-07-26 09:32:48,None
151,1574,35535,baseball,baseball,Raymond Chabot Grant Thornton Park,Parc Raymond-Chabot-Grant-Thornton,baseball,121,100,yes/oui,yes/oui,yes/oui,yes/oui,yes/oui,yes/oui,yes/oui,yes/oui,yes/oui,yes/oui,yes/oui,None,None,None,2016-07-26 09:47:38,2016-03-09 14:43:06
152,553,4059,softball,balle molle,Bill and Marion Atwell Baseball Diamond - East,terrain de baseball Bill et Marion Atwell  - Est,baseball,66,65,no/non,no/non,no/non,yes/oui,yes/oui,no/non,yes/oui,no/non,yes/oui,no/non,no/non,None,None,None,2016-06-24 15:27:49,None
153,1142,33139,T-Ball,tee ball,T-Ball,Terrain de tee ball,standard,20,20,no/non,no/non,no/non,no/non,no/non,no/non,no/non,no/non,no/non,no/non,no/non,None,None,None,2016-07-26 09:30:10,None
154,1716,33222,softball,balle molle,Ball Diamond 01,Terrain de balle 01,baseball,94,90,no/non,no/non,no/non,yes/oui,no/non,no/non,no/non,no/non,yes/oui,no/non,no/non,None,None,None,2016-07-26 09:41:38,None
155,102,33214,T-Ball,tee ball,T-Ball,Terrain de tee ball,other,50,45,no/non,no/non,no/non,no/non,no/non,no/non,no/non,no/non,no/non,no/non,no/non,None,None,None,None,None
156,1652,33216,softball,balle molle,Ball Diamond,Terrain de balle,standard,75,70,no/non,no/non,no/non,yes/oui,no/non,no/non,yes/oui,no/non,yes/oui,yes/oui,no/non,None,None,None,None,None
157,1676,33220,softball,balle molle,Ball Diamond,Terrain de balle,baseball,38,25,no/non,no/non,yes/oui,yes/oui,no/non,no/non,yes/oui,no/non,yes/oui,no/non,no/non,None,None,None,None,None
158,976,33221,T-Ball,tee ball,Ball Diamond,Terrain de balle,standard,55,50,no/non,no/non,no/non,no/non,no/non,no/non,no/non,no/non,no/non,no/non,no/non,None,None,None,2016-07-26 09:40:05,None
159,2513,33227,softball,balle molle,Ball Diamond - Grassy Area,Terrain de balle - Zone gazonnée,standard,50,40,no/non,no/non,no/non,yes/oui,no/non,no/non,no/non,no/non,yes/oui,no/non,no/non,None,None,None,2016-07-26 09:43:19.000001,None
160,104,33234,T-Ball,tee ball,T-Ball,Terrain de tee ball,none,20,20,no/non,no/non,no/non,no/non,no/non,no/non,no/non,no/non,no/non,no/non,no/non,None,None,None,2016-07-26 09:44:26,None
161,1506,33235,softball,balle molle,Ball Diamond,Terrain de balle,standard,60,50,no/non,no/non,no/non,no/non,no/non,no/non,no/non,no/non,yes/oui,no/non,no/non,None,None,None,2016-07-26 09:45:41,None
162,397,33071,softball,balle molle,Ball Diamond,Terrain de balle,baseball,75,70,no/non,no/non,no/non,yes/oui,no/non,no/non,no/non,no/non,yes/oui,no/non,no/non,None,None,None,None,None
163,1062,33167,softball,balle molle,Ball Diamond - Softball,Terrain de balle - Balle molle,baseball,75,70,no/non,no/non,no/non,yes/oui,no/non,no/non,no/non,no/non,yes/oui,no/non,no/non,None,None,None,None,None
164,479,3837,softball,balle molle,Ball Diamond,Terrain de balle,baseball,65,60,no/non,no/non,no/non,yes/oui,no/non,no/non,no/non,no/non,yes/oui,no/non,no/non,None,None,None,None,None
165,1332,33209,T-Ball,tee ball,Ball Diamond,Terrain de balle,standard,50,45,no/non,no/non,no/non,no/non,no/non,no/non,no/non,no/non,no/non,no/non,no/non,None,None,None,2016-07-26 09:46:20,None
166,1191,33193,softball,balle molle,Ball Diamond - West,Terrain de balle - Ouest,baseball,75,70,no/non,no/non,no/non,yes/oui,no/non,no/non,no/non,no/non,yes/oui,no/non,no/non,None,None,None,None,None
167,1109,4049,softball,balle molle,Ball Diamond 03 - Softball,Terrain de balle 03 - Balle molle,baseball,65,60,no/non,no/non,yes/oui,yes/oui,no/non,no/non,no/non,no/non,yes/oui,no/non,no/non,None,None,None,None,None
168,1611,33213,baseball,baseball,Ball Diamond,Terrain de balle,standard,103,91,no/non,yes/oui,yes/oui,yes/oui,no/non,no/non,no/non,no/non,yes/oui,no/non,no/non,None,None,None,None,None
169,195,33027,softball,balle molle,Ball Diamond,Terrain de balle,baseball,76,69,yes/oui,yes/oui,yes/oui,yes/oui,no/non,no/non,yes/oui,yes/oui,yes/oui,yes/oui,no/non,None,None,None,None,None
170,1151,33180,baseball,baseball,Ball Diamond,Terrain de balle,baseball,135,95,no/non,yes/oui,yes/oui,yes/oui,no/non,no/non,yes/oui,no/non,yes/oui,no/non,no/non,None,None,None,None,None
171,275,33045,softball,balle molle,Ball Diamond,Terrain de balle,baseball,120,80,no/non,no/non,yes/oui,yes/oui,no/non,no/non,yes/oui,no/non,yes/oui,no/non,no/non,None,None,None,None,None
172,753,33127,softball,balle molle,Ball Diamond,Terrain de balle,baseball,80,80,no/non,no/non,no/non,yes/oui,no/non,no/non,yes/oui,no/non,yes/oui,no/non,no/non,None,None,None,None,None
173,386,33068,softball,balle molle,Ball Diamond,Terrain de balle,baseball,92,86,yes/oui,yes/oui,yes/oui,yes/oui,no/non,no/non,yes/oui,no/non,yes/oui,yes/oui,no/non,None,None,None,None,None
174,843,33137,softball,balle molle,Ball Diamond,Terrain de balle,baseball,78,73,yes/oui,yes/oui,yes/oui,yes/oui,no/non,no/non,yes/oui,no/non,yes/oui,yes/oui,yes/oui,None,None,None,None,None
175,1327,33205,baseball,baseball,Ball Diamond - Baseball,Terrain de balle - Baseball,standard,88,77,yes/oui,yes/oui,yes/oui,yes/oui,yes/oui,no/non,yes/oui,yes/oui,yes/oui,no/non,no/non,None,None,None,None,None
176,1327,33206,T-Ball,tee ball,T-Ball,Terrain de tee ball,other,41,40,no/non,no/non,no/non,no/non,no/non,no/non,no/non,no/non,no/non,no/non,no/non,None,None,None,None,None
177,526,33094,softball,balle molle,Ball Diamond (Minors),Terrain de balle (ligues mineures),baseball,75,56,no/non,no/non,no/non,yes/oui,no/non,no/non,no/non,no/non,yes/oui,no/non,no/non,None,None,None,None,None
178,224,33035,softball,balle molle,Ball Diamond - North,Terrain de balle - Nord,baseball,75,68,yes/oui,yes/oui,yes/oui,no/non,no/non,no/non,yes/oui,no/non,yes/oui,no/non,no/non,None,None,None,None,None
179,501,33084,baseball,baseball,Ball Diamond - Baseball,Terrain de balle - Baseball,standard,72,61,no/non,no/non,no/non,yes/oui,no/non,no/non,yes/oui,no/non,yes/oui,no/non,no/non,None,None,None,None,None
180,701,33120,softball,balle molle,Ball Diamond,Terrain de balle,baseball,72,61,no/non,no/non,no/non,yes/oui,no/non,no/non,no/non,no/non,yes/oui,no/non,no/non,None,None,None,None,None
181,326,33050,softball,balle molle,Ball Diamond,Terrain de balle,baseball,70,61,no/non,no/non,no/non,yes/oui,no/non,no/non,yes/oui,no/non,yes/oui,no/non,no/non,None,None,None,None,None
182,1323,33203,softball,balle molle,Ball Diamond,Terrain de balle,baseball,70,63,no/non,no/non,no/non,yes/oui,no/non,no/non,yes/oui,no/non,yes/oui,no/non,no/non,None,None,None,None,None
183,343,33059,softball,balle molle,Ball Diamond,Terrain de balle,baseball,72,69,no/non,no/non,yes/oui,yes/oui,no/non,no/non,yes/oui,no/non,yes/oui,no/non,no/non,None,None,None,None,None
184,795,33133,softball,balle molle,Ball Diamond - Softball West,Terrain de balle - Balle molle Ouest,baseball,60,55,no/non,no/non,yes/oui,yes/oui,no/non,no/non,no/non,no/non,yes/oui,yes/oui,no/non,None,None,None,None,None
185,203,8265,softball,balle molle,Graham Ball Softball Diamond,Terrain de balle molle Graham-Ball,baseball,78,69,yes/oui,yes/oui,yes/oui,yes/oui,yes/oui,no/non,yes/oui,yes/oui,yes/oui,yes/oui,no/non,None,None,None,None,None
186,1133,33178,softball,balle molle,Ball Diamond 02 - North,Terrain de balle 02 - Nord,standard,70,68,no/non,yes/oui,yes/oui,yes/oui,no/non,no/non,yes/oui,no/non,yes/oui,no/non,no/non,None,None,None,None,None
187,990,33160,softball,balle molle,Ball Diamond,Terrain de balle,baseball,74,70,no/non,no/non,no/non,yes/oui,no/non,no/non,yes/oui,no/non,yes/oui,no/non,no/non,None,None,None,None,None
188,365,33064,softball,balle molle,Ball Diamond 01,Terrain de balle 01,baseball,74,72,no/non,yes/oui,yes/oui,yes/oui,no/non,no/non,yes/oui,no/non,yes/oui,yes/oui,no/non,None,None,None,None,None
189,389,33070,softball,balle molle,Ball Diamond Softball North,Terrain de balle - Balle molle Nord,baseball,65,60,no/non,no/non,no/non,yes/oui,no/non,no/non,no/non,no/non,yes/oui,yes/oui,no/non,None,None,None,None,None
190,918,33146,softball,balle molle,Ball Diamond,Terrain de balle,baseball,55,50,no/non,no/non,no/non,yes/oui,no/non,no/non,yes/oui,no/non,yes/oui,no/non,no/non,None,None,None,None,None
191,1109,3866,baseball,baseball,Ball Diamond 06 - Minor Baseball,Terrain de balle 06 - Ligue mineure de baseball,baseball,88,86,no/non,yes/oui,yes/oui,yes/oui,no/non,no/non,no/non,no/non,yes/oui,no/non,no/non,None,None,None,None,None
192,616,33106,T-Ball,tee ball,T-Ball,Terrain de tee ball,other,30,20,no/non,no/non,no/non,no/non,no/non,no/non,no/non,no/non,no/non,no/non,no/non,None,None,None,2016-07-26 09:38:05,None
193,12,3881,softball,balle molle,Ball Diamond,Terrain de balle,baseball,75,70,no/non,no/non,no/non,yes/oui,no/non,no/non,no/non,no/non,yes/oui,no/non,no/non,None,None,None,None,None
194,1329,33207,T-Ball,tee ball,T-Ball,Terrain de tee ball,other,40,30,no/non,no/non,no/non,no/non,no/non,no/non,no/non,no/non,no/non,no/non,no/non,None,None,None,None,None
195,208,3892,softball,balle molle,Ball Diamond,Terrain de balle,baseball,57,58,no/non,no/non,no/non,yes/oui,no/non,no/non,no/non,no/non,yes/oui,yes/oui,no/non,None,None,None,None,None
196,334,4070,baseball,baseball,Ball Diamond 01 - Baseball,Terrain de balle 01 - Baseball,baseball,65,50,no/non,no/non,no/non,no/non,no/non,no/non,yes/oui,no/non,yes/oui,yes/oui,no/non,None,None,None,None,None
197,1331,33208,softball,balle molle,Greely West Ball Diamond,Terrain de balle de Greely-Ouest,standard,65,58,no/non,no/non,no/non,no/non,no/non,no/non,no/non,no/non,no/non,no/non,no/non,None,None,None,2016-07-26 09:34:37,None
198,201,33030,softball,balle molle,Ball Diamond,Terrain de balle,baseball,70,60,yes/oui,yes/oui,yes/oui,yes/oui,no/non,yes/oui,yes/oui,no/non,yes/oui,yes/oui,no/non,None,None,None,None,None
199,273,33044,softball,balle molle,Ball Diamond,Terrain de balle,baseball,82,82,no/non,yes/oui,yes/oui,no/non,yes/oui,no/non,yes/oui,no/non,yes/oui,yes/oui,no/non,None,None,None,None,None
200,1163,3856,softball,balle molle,Ball Diamond 01,Terrain de balle 01,baseball,95,80,no/non,no/non,no/non,yes/oui,no/non,no/non,no/non,no/non,yes/oui,no/non,no/non,None,None,None,None,None
201,806,4071,softball,balle molle,Ball Diamond 02,Terrain de balle 02,baseball,83,81,no/non,yes/oui,no/non,yes/oui,no/non,no/non,no/non,no/non,yes/oui,no/non,no/non,None,None,None,None,None
202,345,3824,softball,balle molle,Ball Diamond 01,Terrain de balle 01,baseball,85,83,yes/oui,yes/oui,yes/oui,no/non,no/non,no/non,yes/oui,yes/oui,yes/oui,yes/oui,no/non,None,None,None,None,None
203,35,33004,baseball,baseball,Ball Diamond - Baseball,Terrain de balle - Baseball,baseball,86,78,no/non,no/non,no/non,yes/oui,no/non,no/non,no/non,no/non,yes/oui,no/non,yes/oui,None,None,None,None,None
204,513,33090,baseball,baseball,Ball Diamond A - Baseball North,Terrain de balle A - Baseball Nord,baseball,83,80,yes/oui,yes/oui,no/non,yes/oui,no/non,no/non,yes/oui,yes/oui,yes/oui,no/non,no/non,None,None,None,None,None
205,696,33119,softball,balle molle,Ball Diamond,Terrain de balle,baseball,65,57,no/non,no/non,no/non,yes/oui,no/non,no/non,no/non,no/non,yes/oui,no/non,no/non,None,None,None,None,None
206,182,3813,softball,balle molle,Ball Diamond 03,Terrain de balle 03,baseball,55,50,no/non,no/non,no/non,yes/oui,no/non,no/non,no/non,no/non,yes/oui,no/non,no/non,None,None,None,None,None
207,628,33108,softball,balle molle,Ball Diamond - Softball,Terrain de balle - Balle molle,baseball,90,85,no/non,no/non,no/non,yes/oui,no/non,no/non,no/non,no/non,yes/oui,yes/oui,no/non,None,None,None,None,None
208,76,3846,softball,balle molle,Ball Diamond 02,Terrain de balle 02,baseball,60,50,no/non,no/non,no/non,yes/oui,no/non,no/non,yes/oui,no/non,yes/oui,yes/oui,no/non,None,None,None,None,None
209,1109,3868,baseball,baseball,Ball Diamond 05 - Minor Baseball,Terrain de balle 05 - Ligue mineure de baseball,baseball,65,65,no/non,yes/oui,yes/oui,yes/oui,yes/oui,no/non,yes/oui,yes/oui,yes/oui,no/non,no/non,None,None,None,None,None
210,518,33092,softball,balle molle,Ball Diamond,Terrain de balle,baseball,75,70,no/non,no/non,no/non,yes/oui,no/non,no/non,yes/oui,no/non,yes/oui,no/non,no/non,None,None,None,None,None
211,1716,33223,softball,balle molle,Ball Diamond 02,Terrain de balle 02,baseball,86,80,no/non,no/non,no/non,yes/oui,no/non,no/non,no/non,no/non,yes/oui,no/non,yes/oui,None,None,None,2016-07-26 09:42:08,None
212,796,33134,softball,balle molle,Ball Diamond,Terrain de balle,baseball,55,50,no/non,no/non,no/non,yes/oui,no/non,no/non,no/non,no/non,yes/oui,no/non,no/non,None,None,None,None,None
213,267,33041,softball,balle molle,Ball Diamond - Softball,Terrain de balle - Balle molle,baseball,69,65,yes/oui,yes/oui,yes/oui,yes/oui,yes/oui,no/non,yes/oui,no/non,yes/oui,yes/oui,no/non,None,None,None,None,None
214,224,33036,softball,balle molle,Ball Diamond - South,Terrain de balle - Sud,baseball,75,68,yes/oui,yes/oui,yes/oui,no/non,no/non,no/non,yes/oui,no/non,yes/oui,no/non,no/non,None,None,None,None,None
215,60,33010,softball,balle molle,McAllister Ball Diamond,Terrain de balle McAllister,standard,75,70,no/non,yes/oui,yes/oui,yes/oui,no/non,no/non,no/non,no/non,no/non,no/non,no/non,None,None,None,None,None
216,495,3828,softball,balle molle,Brian Kearns Ball Diamond 01,Terrain de balle 01 Brian-Kearns,baseball,60,50,no/non,no/non,no/non,yes/oui,no/non,no/non,no/non,no/non,yes/oui,no/non,no/non,None,None,None,None,None
217,300,3823,softball,balle molle,Ball Diamond,Terrain de balle,baseball,54,45,no/non,yes/oui,no/non,yes/oui,no/non,no/non,yes/oui,no/non,yes/oui,yes/oui,no/non,None,None,None,None,None
218,921,33148,softball,balle molle,Aurèle G. Morin Baseball Diamond #1,Terrain de balle no 1 Aurèle-G.-Morin,baseball,80,74,no/non,yes/oui,yes/oui,yes/oui,no/non,no/non,yes/oui,yes/oui,yes/oui,yes/oui,no/non,None,None,None,None,None
219,839,4028,softball,balle molle,Ball Diamond,Terrain de balle,baseball,65,50,no/non,no/non,no/non,yes/oui,no/non,no/non,no/non,no/non,yes/oui,no/non,no/non,None,None,None,None,None
220,759,33128,T-Ball,tee ball,Ball Diamond - (Youth),Terrain de balle - (Jeunes),baseball,50,42,no/non,no/non,no/non,yes/oui,no/non,no/non,yes/oui,no/non,no/non,no/non,no/non,None,None,None,2016-07-26 09:33:24,None
221,653,33113,softball,balle molle,Ball Diamond 01,Terrain de balle 01,baseball,70,65,no/non,yes/oui,yes/oui,yes/oui,no/non,no/non,yes/oui,no/non,yes/oui,yes/oui,no/non,None,None,None,None,None
222,255,3818,softball,balle molle,Ball Diamond 01,Terrain de balle 01,baseball,75,70,yes/oui,yes/oui,yes/oui,yes/oui,yes/oui,no/non,yes/oui,no/non,yes/oui,yes/oui,no/non,None,None,None,None,None
223,1157,33182,baseball,baseball,Kinsmen Baseball Diamond,Terrain de baseball Kinsmen,baseball,115,97,yes/oui,yes/oui,yes/oui,yes/oui,yes/oui,yes/oui,yes/oui,yes/oui,yes/oui,yes/oui,yes/oui,None,None,None,None,None
224,108,33018,baseball,baseball,Ball Diamond - Baseball,Terrain de balle - Baseball,baseball,71,67,no/non,yes/oui,yes/oui,yes/oui,no/non,no/non,yes/oui,no/non,yes/oui,no/non,no/non,None,None,None,None,None
225,963,33154,T-Ball,tee ball,T-Ball,Terrain de tee ball,standard,65,60,no/non,no/non,no/non,no/non,no/non,no/non,no/non,no/non,no/non,no/non,no/non,None,None,None,None,None
226,832,3882,softball,balle molle,Ball Diamond,Terrain de balle,baseball,63,60,no/non,no/non,no/non,yes/oui,no/non,no/non,no/non,no/non,yes/oui,no/non,no/non,None,None,None,None,None
227,249,3895,softball,balle molle,Ball Diamond 02,Terrain de balle 02,baseball,75,80,no/non,no/non,no/non,no/non,no/non,no/non,no/non,no/non,yes/oui,no/non,no/non,None,None,None,None,None
228,4,3802,softball,balle molle,Ball Diamond,Terrain de balle,baseball,62,61,no/non,yes/oui,yes/oui,yes/oui,no/non,no/non,yes/oui,no/non,yes/oui,no/non,yes/oui,None,None,None,None,None
229,1334,33210,softball,balle molle,Ball Diamond,Terrain de balle,standard,68,64,no/non,yes/oui,yes/oui,yes/oui,no/non,no/non,yes/oui,no/non,yes/oui,yes/oui,no/non,None,None,None,None,None
230,1070,33168,softball,balle molle,Ball Diamond - Softball,Terrain de balle - Balle molle,baseball,85,80,yes/oui,yes/oui,no/non,yes/oui,no/non,no/non,yes/oui,no/non,yes/oui,yes/oui,no/non,None,None,None,None,None
231,105,33017,T-Ball,tee ball,T-Ball,Terrain de tee ball,standard,30,25,no/non,no/non,no/non,no/non,no/non,no/non,no/non,no/non,yes/oui,no/non,no/non,None,None,None,2016-07-26 09:36:41.000001,None
232,926,33149,T-Ball,tee ball,Ball Diamond,Terrain de balle,standard,75,70,no/non,no/non,no/non,no/non,no/non,no/non,no/non,no/non,yes/oui,no/non,no/non,None,None,None,2016-07-26 09:29:43,None
233,991,33161,softball,balle molle,Ball Diamond,Terrain de balle,baseball,65,55,no/non,no/non,no/non,yes/oui,no/non,no/non,no/non,no/non,yes/oui,no/non,no/non,None,None,None,None,None
234,1083,33170,softball,balle molle,Ball Diamond,Terrain de balle,baseball,65,60,no/non,no/non,no/non,yes/oui,no/non,no/non,no/non,no/non,yes/oui,no/non,no/non,None,None,None,None,None
235,255,3817,softball,balle molle,Ball Diamond 02,Terrain de balle 02,baseball,75,70,yes/oui,yes/oui,yes/oui,yes/oui,yes/oui,no/non,yes/oui,no/non,yes/oui,yes/oui,yes/oui,None,None,None,None,None
236,1139,33179,softball,balle molle,Ball Diamond,Terrain de balle,baseball,70,60,no/non,no/non,no/non,yes/oui,no/non,no/non,yes/oui,no/non,yes/oui,no/non,no/non,None,None,None,None,None
237,843,33138,T-Ball,tee ball,T-Ball,Terrain de tee ball,other,31,35,no/non,no/non,no/non,no/non,no/non,no/non,no/non,no/non,no/non,no/non,no/non,None,None,None,None,None
238,1157,33183,baseball,baseball,Scott ToKessey Baseball Diamond,Terrain de baseball Scott-ToKessey,baseball,62,60,yes/oui,yes/oui,yes/oui,yes/oui,yes/oui,no/non,yes/oui,yes/oui,yes/oui,no/non,yes/oui,None,None,None,None,None
239,744,33125,softball,balle molle,Jays Care Field,Terrain Jays Care,baseball,75,59,yes/oui,yes/oui,yes/oui,yes/oui,yes/oui,no/non,yes/oui,no/non,yes/oui,yes/oui,no/non,None,yes/oui,no/non,2015-12-15 13:58:55,None
240,762,33129,baseball,baseball,Ball Diamond - Baseball,Terrain de balle - Baseball,baseball,92,90,yes/oui,yes/oui,no/non,yes/oui,no/non,yes/oui,yes/oui,no/non,yes/oui,yes/oui,no/non,None,None,None,None,None
241,734,33123,softball,balle molle,Ball Diamond,Terrain de balle,baseball,70,60,no/non,yes/oui,yes/oui,yes/oui,no/non,no/non,yes/oui,no/non,yes/oui,yes/oui,no/non,None,None,None,None,None
242,1080,33169,softball,balle molle,Ball Diamond - Softball (Minors),Terrain de balle - Balle molle (ligues mineures),baseball,65,60,no/non,no/non,no/non,yes/oui,no/non,no/non,no/non,no/non,yes/oui,no/non,no/non,None,None,None,None,None
243,728,3860,softball,balle molle,Ball Diamond,Terrain de balle,baseball,75,75,no/non,no/non,no/non,yes/oui,no/non,yes/oui,no/non,no/non,yes/oui,no/non,no/non,None,None,None,None,None
244,1102,33172,softball,balle molle,Ball Diamond,Terrain de balle,standard,70,60,no/non,no/non,no/non,yes/oui,no/non,no/non,yes/oui,no/non,yes/oui,no/non,no/non,None,None,None,None,None
245,466,4025,T-Ball,tee ball,T-Ball,Terrain de tee ball,other,30,30,no/non,no/non,no/non,no/non,no/non,no/non,no/non,no/non,yes/oui,no/non,no/non,None,None,None,2016-07-26 09:35:46,None
246,798,3835,softball,balle molle,Ball Diamond 02,Terrain de balle 02,baseball,70,60,yes/oui,yes/oui,yes/oui,yes/oui,no/non,no/non,yes/oui,no/non,yes/oui,yes/oui,no/non,None,None,None,None,None
247,693,33116,softball,balle molle,Ball Diamond 02 (Women/Minor),Terrain de balle 02 (ligue mineure/femmes),baseball,80,70,no/non,yes/oui,yes/oui,yes/oui,no/non,no/non,yes/oui,no/non,yes/oui,no/non,no/non,None,None,None,2016-07-26 09:31:00,None
248,132,4005,softball,balle molle,Ball Diamond 01,Terrain de balle 01,baseball,75,70,no/non,no/non,no/non,no/non,no/non,no/non,no/non,no/non,yes/oui,no/non,no/non,None,None,None,None,None
249,1213,33200,softball,balle molle,Ball Diamond 01,Terrain de balle 01,baseball,75,70,no/non,yes/oui,yes/oui,yes/oui,no/non,no/non,yes/oui,no/non,no/non,yes/oui,no/non,None,None,None,None,None
250,1160,33186,baseball,baseball,Ball Diamond 01 - Baseball,Terrain de balle 01 - Baseball,baseball,77,77,yes/oui,yes/oui,yes/oui,yes/oui,yes/oui,no/non,yes/oui,no/non,yes/oui,yes/oui,no/non,None,None,None,None,None
251,267,33040,T-Ball,tee ball,T-Ball,Terrain de tee ball,baseball,28,25,no/non,no/non,no/non,no/non,no/non,no/non,no/non,no/non,yes/oui,no/non,no/non,None,None,None,None,None
252,768,33130,softball,balle molle,Ball Diamond,Terrain de balle,standard,55,50,no/non,yes/oui,yes/oui,yes/oui,no/non,no/non,no/non,no/non,no/non,no/non,no/non,None,None,None,None,None
253,711,3859,softball,balle molle,Ball Diamond,Terrain de balle,baseball,54,52,no/non,no/non,no/non,no/non,no/non,no/non,no/non,no/non,yes/oui,no/non,no/non,None,None,None,None,None
254,797,3884,T-Ball,tee ball,T-Ball Diamond,Terrain de tee ball,standard,75,70,no/non,no/non,no/non,no/non,no/non,yes/oui,no/non,no/non,yes/oui,no/non,no/non,None,None,None,None,None
255,311,33047,baseball,baseball,Ball Diamond - Baseball,Terrain de balle - Baseball,standard,70,52,yes/oui,yes/oui,yes/oui,yes/oui,yes/oui,no/non,yes/oui,yes/oui,yes/oui,yes/oui,no/non,None,None,None,None,None
256,10,33001,softball,balle molle,Ball Diamond,Terrain de balle,baseball,65,60,no/non,no/non,no/non,yes/oui,no/non,no/non,no/non,no/non,yes/oui,no/non,no/non,None,None,None,None,None
257,307,33046,softball,balle molle,Ball Diamond,Terrain de balle,baseball,70,65,no/non,yes/oui,no/non,yes/oui,no/non,no/non,yes/oui,no/non,yes/oui,no/non,no/non,None,None,None,None,None
258,1031,33163,softball,balle molle,Ball Diamond,Terrain de balle,baseball,65,60,yes/oui,yes/oui,no/non,yes/oui,no/non,no/non,no/non,no/non,yes/oui,no/non,no/non,None,None,None,None,None
259,120,3825,softball,balle molle,Ball Diamond,Terrain de balle,baseball,65,60,no/non,no/non,no/non,yes/oui,no/non,no/non,yes/oui,no/non,yes/oui,no/non,no/non,None,None,None,None,None
260,122,4000,softball,balle molle,Ball Diamond,Terrain de balle,baseball,75,70,no/non,no/non,no/non,yes/oui,no/non,no/non,yes/oui,no/non,yes/oui,no/non,no/non,None,None,None,None,None
261,384,33067,softball,balle molle,Ball Diamond,Terrain de balle,baseball,75,70,no/non,no/non,no/non,no/non,no/non,no/non,no/non,no/non,yes/oui,no/non,no/non,None,None,None,None,None
262,596,3848,softball,balle molle,Ball Diamond,Terrain de balle,baseball,65,60,no/non,no/non,no/non,yes/oui,no/non,no/non,no/non,no/non,yes/oui,no/non,no/non,None,None,None,None,None
263,260,3872,softball,balle molle,Ball Diamond,Terrain de balle,baseball,65,60,no/non,no/non,no/non,yes/oui,no/non,no/non,no/non,no/non,yes/oui,no/non,no/non,None,None,None,None,None
264,468,3805,softball,balle molle,Ball Diamond,Terrain de balle,baseball,65,60,no/non,no/non,no/non,yes/oui,no/non,no/non,no/non,no/non,yes/oui,no/non,no/non,None,None,None,None,None
265,466,3865,softball,balle molle,Ball Diamond 01,Terrain de balle 01,baseball,65,60,no/non,no/non,no/non,yes/oui,no/non,no/non,no/non,no/non,yes/oui,no/non,no/non,None,None,None,None,None
266,880,3804,softball,balle molle,Ball Diamond,Terrain de balle,baseball,55,50,no/non,no/non,no/non,no/non,no/non,no/non,no/non,yes/oui,yes/oui,no/non,no/non,None,None,None,None,None
267,568,3779,softball,balle molle,Ball Diamond,Terrain de balle,baseball,55,50,no/non,no/non,no/non,no/non,no/non,no/non,no/non,no/non,no/non,no/non,no/non,None,None,None,None,None
268,46,33005,softball,balle molle,Ball Diamond,Terrain de balle,baseball,75,70,yes/oui,yes/oui,yes/oui,yes/oui,no/non,no/non,yes/oui,no/non,yes/oui,no/non,no/non,None,None,None,None,None
269,970,33157,softball,balle molle,Ball Diamond A,Terrain de balle A,baseball,75,70,no/non,yes/oui,yes/oui,yes/oui,no/non,no/non,yes/oui,no/non,yes/oui,yes/oui,no/non,None,None,None,None,None
270,970,33158,T-Ball,tee ball,T-Ball,Terrain de tee ball,standard,25,25,no/non,no/non,no/non,yes/oui,no/non,no/non,no/non,no/non,yes/oui,no/non,no/non,None,None,None,2016-07-26 09:36:15,None
271,348,33061,baseball,baseball,Ball Diamond - Upper Field Baseball,Terrain de balle - Terrain supérieur baseball,baseball,70,63,yes/oui,no/non,yes/oui,yes/oui,no/non,no/non,yes/oui,no/non,yes/oui,no/non,no/non,None,None,None,2015-08-28 09:30:08,None
272,348,33014,softball,balle molle,Ball Diamond - Lower Field Softball,Terrain de balle - Terrain inférieur de balle mol*,baseball,69,63,no/non,yes/oui,yes/oui,yes/oui,no/non,no/non,yes/oui,no/non,yes/oui,no/non,no/non,None,None,None,None,None
273,1182,33191,softball,balle molle,Ball Diamond,Terrain de balle,baseball,60,65,no/non,no/non,yes/oui,no/non,no/non,no/non,yes/oui,no/non,yes/oui,no/non,no/non,None,None,None,None,None
274,170,3821,softball,balle molle,Ball Diamond,Terrain de balle,baseball,50,55,no/non,no/non,no/non,no/non,no/non,no/non,no/non,no/non,yes/oui,no/non,no/non,None,None,None,None,None
275,798,4024,softball,balle molle,Ball Diamond 01,Terrain de balle 01,baseball,70,60,yes/oui,yes/oui,yes/oui,yes/oui,no/non,no/non,yes/oui,yes/oui,yes/oui,yes/oui,no/non,None,None,None,None,None
276,76,3889,softball,balle molle,Ball Diamond 01,Terrain de balle 01,baseball,70,60,no/non,no/non,no/non,yes/oui,no/non,no/non,yes/oui,no/non,yes/oui,yes/oui,no/non,None,None,None,None,None
277,658,3875,softball,balle molle,Ball Diamond,Terrain de balle,baseball,75,70,no/non,yes/oui,yes/oui,yes/oui,no/non,no/non,no/non,no/non,yes/oui,no/non,no/non,None,None,None,None,None
278,1191,33194,softball,balle molle,Ball Diamond - East,Terrain de balle - Est,baseball,65,60,no/non,no/non,no/non,yes/oui,no/non,no/non,no/non,no/non,yes/oui,no/non,no/non,None,None,None,None,None
279,1207,33197,baseball,baseball,Hamilton Yards Baseball Diamond,Terrain de baseball Hamilton Yards,standard,106,98,yes/oui,yes/oui,yes/oui,yes/oui,yes/oui,yes/oui,yes/oui,yes/oui,yes/oui,yes/oui,yes/oui,None,None,None,None,None
280,1207,33198,softball,balle molle,Hamilton Yards Softball Diamond,Terrain de balle molle Hamilton Yards,baseball,75,70,yes/oui,yes/oui,no/non,yes/oui,no/non,yes/oui,no/non,no/non,yes/oui,yes/oui,no/non,None,None,None,None,None
281,449,33080,softball,balle molle,Ball Diamond - Baseball,Terrain de balle - Baseball,baseball,95,90,no/non,yes/oui,no/non,yes/oui,no/non,no/non,yes/oui,no/non,yes/oui,no/non,no/non,None,None,None,None,None
282,1109,4048,baseball,baseball,Ball Diamond 04 - Baseball,Terrain de balle 04 - Baseball,baseball,106,98,yes/oui,yes/oui,yes/oui,yes/oui,no/non,no/non,yes/oui,no/non,yes/oui,no/non,no/non,None,None,None,None,None
